all_awardings,archived,associated_award,author,author_flair_background_color,author_flair_css_class,author_flair_richtext,author_flair_template_id,author_flair_text,author_flair_text_color,author_flair_type,author_fullname,author_patreon_flair,author_premium,body,body_sha1,can_gild,collapsed,collapsed_because_crowd_control,collapsed_reason,collapsed_reason_code,comment_type,controversiality,created_utc,distinguished,gilded,gildings,id,is_submitter,link_id,locked,no_follow,parent_id,permalink,retrieved_utc,score,score_hidden,send_replies,stickied,subreddit,subreddit_id,subreddit_name_prefixed,subreddit_type,top_awarded_type,total_awards_received,treatment_tags,unrepliable_reason,media_metadata,author_cakeday
[],False,,Humblegiant2552,,,[],,,,text,t2_1bbhqvvv,False,False,You act like gme is done?,9bc0436142591783d6925df89bf807b085d7bb63,True,False,,,,,0,1641013199,,0,{},hqrunzk,False,t3_rtbi76,False,True,t1_hqrtxun,/r/wallstreetbets/comments/rtbi76/why_are_people_proud_of_their_loss_porn_you_do/hqrunzk/,1641013210,1,False,True,False,wallstreetbets,t5_2th52,r/wallstreetbets,public,,0,[],,,
[],False,,zestykite,,,[],,,,text,t2_4g16kgjh,False,False,lol. saw this one. that park is wild,7b5d9dd6ebc3a7035642fb70c056f60474d25037,True,False,,,,,0,1641013187,,0,{},hqrunem,False,t3_rt35kz,False,True,t1_hqruhlh,/r/wallstreetbets/comments/rt35kz/year_end_discussion_thread_for_the_year_of_2021/hqrunem/,1641013203,1,False,True,False,wallstreetbets,t5_2th52,r/wallstreetbets,public,,0,[],,,
[],False,,[deleted],,,,,,dark,,,,,[removed],fe993932d6dced4c0a879e9aa5d7a6e0fbb467f5,True,True,,,DELETED,,0,1641013184,,0,{},hqrun8l,False,t3_rt35kz,False,True,t3_rt35kz,/r/wallstreetbets/comments/rt35kz/year_end_discussion_thread_for_the_year_of_2021/hqrun8l/,1641013196,1,False,True,False,wallstreetbets,t5_2th52,r/wallstreetbets,public,,0,[],,,
[],False,,CatsBy6969,,,[],,,,text,t2_53nt53vl,False,False,WTF I'm discovering it's a thing that people are upset that they aren't able to express their cuck fetish on WSB and are getting kicked out for doing it ![img](emote|t5_2th52|4266),1086eb6104f0a9ea588acc45ecc81febb748498c,True,False,,,,,0,1641013181,,0,{},hqrun0o,False,t3_rt35kz,False,True,t3_rt35kz,/r/wallstreetbets/comments/rt35kz/year_end_discussion_thread_for_the_year_of_2021/hqrun0o/,1641013196,1,False,True,False,wallstreetbets,t5_2th52,r/wallstreetbets,public,,0,[],,"{'emote|t5_2th52|4266': {'e': 'Image', 'id': 'emote|t5_2th52|4266', 'm': 'image/png', 's': {'u': 'https://reddit-econ-prod-assets-permanent.s3.amazonaws.com/asset-manager/t5_2th52/KOJF0xTlj8.png', 'x': 20, 'y': 20}, 'status': 'valid', 't': 'emoji'}}",
[],False,,Nomad-56,,,[],,,,text,t2_a0lqxak7,False,False,Retirement account is much better than my trading account,6b52c6d318531bbd203fa88c3bdf7c126beed1e5,True,False,,,,,0,1641013170,,0,{},hqrumex,False,t3_rt582o,False,True,t3_rt582o,/r/wallstreetbets/comments/rt582o/meanwhile_the_sp_did_a_25_return/hqrumex/,1641013183,1,False,True,False,wallstreetbets,t5_2th52,r/wallstreetbets,public,,0,[],,,
[],False,,Repulsive-Chemical25,,,[],,,,text,t2_a0idl0i5,False,True,Give me time friend 780 value but 64 cash means I still have plays on the field that could print or burn,96ce95ee5304300fc88a461e9e0c03dc31b5a58d,True,False,,,,,0,1641013169,,0,{},hqrumcm,True,t3_rt4813,False,True,t1_hqruha4,/r/wallstreetbets/comments/rt4813/loss_porn_finally_feel_like_i_belong_here/hqrumcm/,1641013183,1,False,True,False,wallstreetbets,t5_2th52,r/wallstreetbets,public,,0,[],,,
[],False,,-C20H24O3,,,"[{'e': 'text', 't': 'sniffs LULU asses üëÉüçë'}]",,sniffs LULU asses üëÉüçë,dark,richtext,t2_dkh3woxx,False,True,Poor chap,a3fabd0294bcf46191768e7690cba0feeeac53cd,True,False,,,,,0,1641013166,,0,{},hqrum7q,False,t3_rt35kz,False,True,t1_hqrufql,/r/wallstreetbets/comments/rt35kz/year_end_discussion_thread_for_the_year_of_2021/hqrum7q/,1641013183,1,False,True,False,wallstreetbets,t5_2th52,r/wallstreetbets,public,,0,[],,,
[],False,,FullCopy,,,"[{'e': 'text', 't': 'ü¶çü¶ç'}]",,ü¶çü¶ç,dark,richtext,t2_5zsnrieg,False,False,Tell her the Tesla recall isn‚Äôt a big deal.,006ce529607426f73647f5d52e2c72b8b2f50738,True,False,,,,,0,1641013156,,0,{},hqrullo,False,t3_rt35kz,False,True,t1_hqrtxls,/r/wallstreetbets/comments/rt35kz/year_end_discussion_thread_for_the_year_of_2021/hqrullo/,1641013169,1,False,True,False,wallstreetbets,t5_2th52,r/wallstreetbets,public,,0,[],,,
[],False,,VisualMod,#ffdf00,,"[{'e': 'text', 't': 'Turing Test Proctor'}]",5b951270-9b43-11e8-8a57-0e532bbfe7e8,Turing Test Proctor,dark,richtext,t2_6hf2z55l,False,True,I am a bot from /r/wallstreetbets. Your submission was removed because it was either DD or Discussion and not a text post.,b0f6be6641a5d5a4d09084f350e501792dbe8975,True,False,,,,,0,1641013152,,0,{},hqruldj,False,t3_rtbxmk,False,True,t3_rtbxmk,/r/wallstreetbets/comments/rtbxmk/i_present_to_you_the_stonks_bean_an_nft_from_my/hqruldj/,1641013169,1,False,True,False,wallstreetbets,t5_2th52,r/wallstreetbets,public,,0,[],,,
[],False,,SlothInvesting1996,,,[],,,,text,t2_a7t6udjj,False,False,All hyper grow stocks have huge swings. If your conviction is so easy to break you should never own them,028101a68c92f2bb18fc4d63d5f7a58679b461a9,True,False,,,,,0,1641013146,,0,{},hqrukzn,False,t3_rtbi76,False,True,t1_hqru70x,/r/wallstreetbets/comments/rtbi76/why_are_people_proud_of_their_loss_porn_you_do/hqrukzn/,1641013162,1,False,True,False,wallstreetbets,t5_2th52,r/wallstreetbets,public,,0,[],,,
[],False,,-C20H24O3,,,"[{'e': 'text', 't': 'sniffs LULU asses üëÉüçë'}]",,sniffs LULU asses üëÉüçë,dark,richtext,t2_dkh3woxx,False,True,Bro??,f6ab3b457340d4e24b7489c0c99b21db5e5a9876,True,False,,,,,0,1641013142,,0,{},hqruks4,False,t3_rt35kz,False,True,t1_hqrqyyh,/r/wallstreetbets/comments/rt35kz/year_end_discussion_thread_for_the_year_of_2021/hqruks4/,1641013155,1,False,True,False,wallstreetbets,t5_2th52,r/wallstreetbets,public,,0,[],,,
[],False,,Osky_16,transparent,,"[{'e': 'text', 't': 'ask me about my cute pussy'}]",78806c26-46a2-11e9-82c1-0ee7a9b74720,ask me about my cute pussy,dark,richtext,t2_7v8ax3ei,False,False,I haven‚Äôt blown up accounts in a year ‚ù§Ô∏è,f8ed98e7d042a82358a22d2af62c6346c3650f9a,True,False,,,,,0,1641013126,,0,{},hqrujtz,False,t3_rtbwo0,False,True,t3_rtbwo0,/r/wallstreetbets/comments/rtbwo0/happy_new_years_you_retards/hqrujtz/,1641013142,1,False,True,False,wallstreetbets,t5_2th52,r/wallstreetbets,public,,0,[],,,
[],False,,LUV2FUKMARRIEDMILFS,,,"[{'e': 'text', 't': 'Toothless CEOH'}]",,Toothless CEOH,dark,richtext,t2_7i5yh9ki,False,True,"HAPPY NEW YEARS FUCKAS COCKSUCKAS 

SUCK A COCK A YUMMY VAINY COCK AND BE A MAN!!!",b8e3bd9230caf37341f1040f833ad7921992e435,True,False,,,,,0,1641013125,,0,{},hqrujte,False,t3_rt35kz,False,False,t3_rt35kz,/r/wallstreetbets/comments/rt35kz/year_end_discussion_thread_for_the_year_of_2021/hqrujte/,1641013142,1,False,True,False,wallstreetbets,t5_2th52,r/wallstreetbets,public,,0,[],,,
[],False,,RickyFrench007,,,[],,,,text,t2_79mktlus,False,False,Might be gettin myself a nice new job at Lowe‚Äôs part time overnight üòé. I‚Äôve been out of work for over a year,391e38f7af96852f577144cc347356fd2f2200de,True,False,,,,,0,1641013122,,0,{},hqrujlu,False,t3_rt35kz,False,True,t3_rt35kz,/r/wallstreetbets/comments/rt35kz/year_end_discussion_thread_for_the_year_of_2021/hqrujlu/,1641013135,1,False,True,False,wallstreetbets,t5_2th52,r/wallstreetbets,public,,0,[],,,
[],False,,Repulsive-Chemical25,,,[],,,,text,t2_a0idl0i5,False,True,They make like 2 cars a week at one plant while Tesla supposedly made 71k at Shanghai this month alone,6d7589b53178def85183528879c2e3144ac6dded,True,False,,,,,0,1641013116,,0,{},hqruja2,True,t3_rt4813,False,True,t1_hqrueus,/r/wallstreetbets/comments/rt4813/loss_porn_finally_feel_like_i_belong_here/hqruja2/,1641013128,1,False,True,False,wallstreetbets,t5_2th52,r/wallstreetbets,public,,0,[],,,
[],False,,Gadshill,,,[],,,,text,t2_ue9lb,False,False,Nice turnout for the ball drop.   They just took their time showing up this year.,d62bb52148583c6a17ed91434eff6ab109c47a4e,True,False,,,,,0,1641013114,,0,{},hqruj50,False,t3_rt35kz,False,True,t3_rt35kz,/r/wallstreetbets/comments/rt35kz/year_end_discussion_thread_for_the_year_of_2021/hqruj50/,1641013128,1,False,True,False,wallstreetbets,t5_2th52,r/wallstreetbets,public,,0,[],,,
[],False,,Hairy-Investigator-5,,,[],,,,text,t2_86qp3hbt,False,False,Well I make money off stocks not lose it instantly cause some guy missed a kick. So there‚Äôs that.....,50050a0867bef45fa92a5d6a4fa6f19a6fec6aa9,True,False,,,,,0,1641013108,,0,{},hqruit2,False,t3_rt582o,False,True,t1_hqru3h0,/r/wallstreetbets/comments/rt582o/meanwhile_the_sp_did_a_25_return/hqruit2/,1641013122,1,False,True,False,wallstreetbets,t5_2th52,r/wallstreetbets,public,,0,[],,,
[],False,,sixoffsix,,,[],,,,text,t2_g8qt0xix,False,False,What was the after math for that?,f77965a05d44f8f62285523713d4700cff275db4,True,False,,,,,0,1641013105,,0,{},hqruinf,False,t3_rt35kz,False,True,t1_hqru5a6,/r/wallstreetbets/comments/rt35kz/year_end_discussion_thread_for_the_year_of_2021/hqruinf/,1641013122,2,False,True,False,wallstreetbets,t5_2th52,r/wallstreetbets,public,,0,[],,,
[],False,,upsetrobinhood,,,[],,,,text,t2_5tuswmpm,False,False,"I just wanna be on the record, that my last comment for 2021, is that I love bad bitches and that my motherfucking problem",a668ee543f9d21d64c0700c563e56eab60d047b9,True,False,,,,,0,1641013103,,0,{},hqruij3,False,t3_rt35kz,False,True,t3_rt35kz,/r/wallstreetbets/comments/rt35kz/year_end_discussion_thread_for_the_year_of_2021/hqruij3/,1641013115,1,False,True,False,wallstreetbets,t5_2th52,r/wallstreetbets,public,,0,[],,,
[],False,,FullCopy,,,"[{'e': 'text', 't': 'ü¶çü¶ç'}]",,ü¶çü¶ç,dark,richtext,t2_5zsnrieg,False,False,God had no idea how heavy it‚Äôs gonna be to lift Americans. He‚Äôll give up. Fatties will rule the world. The Meeks are fucked.,a0161ac4c20412e6f1d48ec94c067c4acb441906,True,False,,,,,0,1641013103,,0,{},hqruiia,False,t3_rt35kz,False,True,t1_hqru9vl,/r/wallstreetbets/comments/rt35kz/year_end_discussion_thread_for_the_year_of_2021/hqruiia/,1641013115,1,False,True,False,wallstreetbets,t5_2th52,r/wallstreetbets,public,,0,[],,,
[],False,,IMxJUSTxSAYINNN,,,[],,,,text,t2_65rpq041,False,True,Robinhood retard lmao,d1951a500bef2a716d386f785a681ceb1200c329,True,False,,,,,0,1641013101,,0,{},hqruidv,False,t3_rtay04,False,True,t3_rtay04,/r/wallstreetbets/comments/rtay04/my_new_years_resolution_next_year_is_to_stop/hqruidv/,1641013115,1,False,True,False,wallstreetbets,t5_2th52,r/wallstreetbets,public,,0,[],,,
[],False,,ChuckWeezy,,,[],,,,text,t2_bws3m,False,False,So she buys leap calls that are already in the money?,a09c9eabd696f39988849538bd13196380873839,True,False,,,,,0,1641013095,,0,{},hqrui14,False,t3_rspxmv,False,True,t3_rspxmv,/r/wallstreetbets/comments/rspxmv/nancy_pelosi_latest_trades/hqrui14/,1641013108,1,False,True,False,wallstreetbets,t5_2th52,r/wallstreetbets,public,,0,[],,,
[],False,,v3rral,,,[],,,,text,t2_4wxafw08,False,False,"Probably it‚Äôs public fund and not their private, where they make 70%.",01b46a4e836c205a77d5f1f198c1a33e6922e6e3,True,False,,,,,0,1641013093,,0,{},hqruhwv,False,t3_rt4th9,False,True,t1_hqrjm6l,/r/wallstreetbets/comments/rt4th9/only_3_hedge_funds_outperformed_the_sp_500_in_2021/hqruhwv/,1641013108,1,False,True,False,wallstreetbets,t5_2th52,r/wallstreetbets,public,,0,[],,,
[],False,,wooshock,#ffdf00,,"[{'e': 'text', 't': '3691 - 2 - 1 year - 0/0'}]",5b951270-9b43-11e8-8a57-0e532bbfe7e8,3691 - 2 - 1 year - 0/0,dark,richtext,t2_920mo,False,False,Fuck must be a downer to have your birthday in NYE,072cd776788f110f06e4786f4bef4ba025d37ea0,True,False,,,,,0,1641013092,,0,{},hqruhw9,False,t3_rt35kz,False,True,t1_hqrtxls,/r/wallstreetbets/comments/rt35kz/year_end_discussion_thread_for_the_year_of_2021/hqruhw9/,1641013108,1,False,True,False,wallstreetbets,t5_2th52,r/wallstreetbets,public,,0,[],,,
[],False,,girl_with_huge_boobs,,,"[{'e': 'text', 't': 'and a smol dick'}]",,and a smol dick,dark,richtext,t2_4zl30,False,False,Just get some payday loans and cash advances on your credit card. You have 50/50 odds of choosing right and you already lost last time so the next one is 100% gonna be  home run its basic statistics 101,01d7695f0927ee1949a85c95d5b58ae2c5ee968e,True,False,,,,,0,1641013092,,0,{},hqruhvk,False,t3_rsyw96,False,True,t3_rsyw96,/r/wallstreetbets/comments/rsyw96/wsb_yolo_lost_all_of_my_savings_in_one_spy_trade/hqruhvk/,1641013108,1,False,True,False,wallstreetbets,t5_2th52,r/wallstreetbets,public,,0,[],,,
[],False,,CatsBy6969,,,[],,,,text,t2_53nt53vl,False,False,lol no u/-C20H24O3,453a91702d71b59bebafba5e604b1ace9ec7b842,True,False,,,,,0,1641013088,,0,{},hqruhom,False,t3_rt35kz,False,True,t1_hqrsc50,/r/wallstreetbets/comments/rt35kz/year_end_discussion_thread_for_the_year_of_2021/hqruhom/,1641013101,1,False,True,False,wallstreetbets,t5_2th52,r/wallstreetbets,public,,0,[],,,
[],False,,JayFql,,,[],,,,text,t2_7kkg8pt4,False,False,Class Action Park (hbo),e6a57a3e777e40efafcc2c215063906cdf118101,True,False,,,,,0,1641013086,,0,{},hqruhlh,False,t3_rt35kz,False,True,t1_hqrtlpq,/r/wallstreetbets/comments/rt35kz/year_end_discussion_thread_for_the_year_of_2021/hqruhlh/,1641013101,1,False,True,False,wallstreetbets,t5_2th52,r/wallstreetbets,public,,0,[],,,
[],False,,RN-Wingman,,,[],,,,text,t2_cicb4et8,False,True,"While I admire your work OP, you‚Äôre still green.",b186e1b35ebe928f7cf6776111389a37ffe2c259,True,False,,,,,0,1641013081,,0,{},hqruha4,False,t3_rt4813,False,True,t1_hqqlcps,/r/wallstreetbets/comments/rt4813/loss_porn_finally_feel_like_i_belong_here/hqruha4/,1641013094,1,False,True,False,wallstreetbets,t5_2th52,r/wallstreetbets,public,,0,[],,,
[],False,,guzzledglizzy,,,[],,,,text,t2_7f2q8arr,False,False,Ngl I‚Äôd do a lot of bad things for some of that Zendussy that Spider-Man be getting,cb260e0e253e2a9c50b944e439a5300aa0d44ad7,True,False,,,,,0,1641013079,,0,{},hqruh6j,False,t3_rt35kz,False,True,t3_rt35kz,/r/wallstreetbets/comments/rt35kz/year_end_discussion_thread_for_the_year_of_2021/hqruh6j/,1641013094,1,False,True,False,wallstreetbets,t5_2th52,r/wallstreetbets,public,,0,[],,,
[],False,,CMac681,#ffffff,,"[{'e': 'text', 't': 'CMac681 is a cuck '}]",acf21f8a-b20b-11e8-8717-0ee9cf2d415a,CMac681 is a cuck ,dark,richtext,t2_5dgnaxc6,False,False,"Damn. Having a real shitty night to be real. Wont carry it into next year though. Happy New Years, retards.",2fe0671941e365f68b326cfb13df70ce2f566510,True,False,,,,,0,1641013077,,0,{},hqruh16,False,t3_rt35kz,False,True,t3_rt35kz,/r/wallstreetbets/comments/rt35kz/year_end_discussion_thread_for_the_year_of_2021/hqruh16/,1641013087,1,False,True,False,wallstreetbets,t5_2th52,r/wallstreetbets,public,,0,[],,,
[],False,,tvnacho,#ffffff,,"[{'e': 'text', 't': 'collections most wanted man'}]",acf21f8a-b20b-11e8-8717-0ee9cf2d415a,collections most wanted man,dark,richtext,t2_68zwlzx2,False,True,bro 2009 was the worst of the great financial crisis. wtf is dude saying,a3b98b31cbf2aaaae3ca5506bf416861dc11b131,True,False,,,,,0,1641013068,,0,{},hqrugjr,False,t3_rt35kz,False,True,t3_rt35kz,/r/wallstreetbets/comments/rt35kz/year_end_discussion_thread_for_the_year_of_2021/hqrugjr/,1641013080,1,False,True,False,wallstreetbets,t5_2th52,r/wallstreetbets,public,,0,[],,,
[],False,,Humblegiant2552,,,[],,,,text,t2_1bbhqvvv,False,False,AMC 40 dollar call for Jan 18 2023 easy money,b2fc6ec6c159f6a079d7f0b02364c385f7965b9a,True,False,,,,,0,1641013067,,0,{},hqrugi6,False,t3_rtbi76,False,True,t1_hqrs4yo,/r/wallstreetbets/comments/rtbi76/why_are_people_proud_of_their_loss_porn_you_do/hqrugi6/,1641013080,1,False,True,False,wallstreetbets,t5_2th52,r/wallstreetbets,public,,0,[],,,
[],False,,VisualMod,#ffdf00,,"[{'e': 'text', 't': 'Turing Test Proctor'}]",5b951270-9b43-11e8-8a57-0e532bbfe7e8,Turing Test Proctor,dark,richtext,t2_6hf2z55l,False,True,"
**User Report**| | | |
:--|:--|:--|:--
**Total Submissions**|14|**First Seen In WSB**|1 year ago
**Total Comments**|895|**Previous DD**|
**Account Age**|1 year|[^scan ^comment ](https://www.reddit.com/message/compose/?to=VisualMod&amp;subject=scan_comment&amp;message=Replace%20this%20text%20with%20a%20comment%20ID%20(which%20looks%20like%20*h26cq3k*)%20to%20have%20the%20bot%20scan%20your%20comment%20and%20correct%20your%20first%20seen%20date.)|[^scan ^submission ](https://www.reddit.com/message/compose/?to=VisualMod&amp;subject=scan_submission&amp;message=Replace%20this%20text%20with%20a%20submission%20ID%20(which%20looks%20like%20*h26cq3k*)%20to%20have%20the%20bot%20scan%20your%20submission%20and%20correct%20your%20first%20seen%20date.)
**Vote Spam (NEW)**|[Click to Vote](https://www.reddit.com/message/compose/?to=VisualMod&amp;subject=vote_spam&amp;message=rtbwo0)|**Vote Approve (NEW)**|[Click to Vote](https://www.reddit.com/message/compose/?to=VisualMod&amp;subject=vote_approve&amp;message=rtbwo0)",681e535f8541cc3d00d0e3e5caed4bfe9b6a7b92,True,False,,,,,0,1641013065,moderator,0,{},hqrugcj,False,t3_rtbwo0,False,True,t3_rtbwo0,/r/wallstreetbets/comments/rtbwo0/happy_new_years_you_retards/hqrugcj/,1641013080,1,True,True,True,wallstreetbets,t5_2th52,r/wallstreetbets,public,,0,[],,,
[],False,,GoBeaversOSU,#ff4500,,"[{'a': ':benny:', 'e': 'emoji', 'u': 'https://emoji.redditmedia.com/ndljjyp7mhr61_t5_2th52/benny'}]",57c0331a-0d2e-11ea-86f4-0ef7601af6ab,:benny:,light,richtext,t2_lb8ec,False,True,"Make me cream, make me scream, out in public, make a scene",c3b240f7836ffc71cdf4a76ca390157fa37721b7,True,False,,,,,0,1641013061,,0,{},hqrug3l,False,t3_rt35kz,False,True,t3_rt35kz,/r/wallstreetbets/comments/rt35kz/year_end_discussion_thread_for_the_year_of_2021/hqrug3l/,1641013074,1,False,True,False,wallstreetbets,t5_2th52,r/wallstreetbets,public,,0,[],,,
[],False,,CatsBy6969,,,[],,,,text,t2_53nt53vl,False,False,don't let her around u/-C20H24O3 or he might try to get her to lick your cum of your fianc√©s face,51248388175f4184887c1850ca2e29292d033494,True,False,,,,,0,1641013055,,0,{},hqrufql,False,t3_rt35kz,False,True,t1_hqrs2qx,/r/wallstreetbets/comments/rt35kz/year_end_discussion_thread_for_the_year_of_2021/hqrufql/,1641013067,1,False,True,False,wallstreetbets,t5_2th52,r/wallstreetbets,public,,0,[],,,
[],False,,FerdIsTheWord69,#ffffff,,"[{'e': 'text', 't': 'my pineapple taste like cum üççüí¶'}]",acf21f8a-b20b-11e8-8717-0ee9cf2d415a,my pineapple taste like cum üççüí¶,dark,richtext,t2_6ex5d2gn,False,False,I heard u/cashflow_ ‚Äòs balls are finally dropping at midnight,feff5feda66bc873841514a9328b92fdff23e745,True,False,,,,,0,1641013054,,0,{},hqrufof,False,t3_rt35kz,False,True,t3_rt35kz,/r/wallstreetbets/comments/rt35kz/year_end_discussion_thread_for_the_year_of_2021/hqrufof/,1641013067,1,False,True,False,wallstreetbets,t5_2th52,r/wallstreetbets,public,,0,[],,,
[],False,,CandidInsurance7415,,,[],,,,text,t2_7wheju3g,False,True,"Now that is some real naked shorting, unlimited loss.",6d75153b4bddc7e25f21dec6d706c97147db4f98,True,False,,,,,0,1641013047,,0,{},hqrufan,False,t3_rsyw96,False,True,t1_hqpkzv3,/r/wallstreetbets/comments/rsyw96/wsb_yolo_lost_all_of_my_savings_in_one_spy_trade/hqrufan/,1641013060,1,False,True,False,wallstreetbets,t5_2th52,r/wallstreetbets,public,,0,[],,,
[],False,,KingSurfer2001,,,[],,,,text,t2_76z23g32,False,False,"Have we covered a Miley and her sister 3some yet?

Happy New Year you beautiful creatures",ffaebe630406af341cde53e0d4b5ca07ba1429ce,True,False,,,,,0,1641013046,,0,{},hqruf94,False,t3_rt35kz,False,True,t3_rt35kz,/r/wallstreetbets/comments/rt35kz/year_end_discussion_thread_for_the_year_of_2021/hqruf94/,1641013060,1,False,True,False,wallstreetbets,t5_2th52,r/wallstreetbets,public,,0,[],,,
[],False,,Nigerian_bus_ride1,,,"[{'e': 'text', 't': 'ü¶ç'}]",,ü¶ç,dark,richtext,t2_8o7y6e3v,False,True,Why the fuck you buying rivian puts you fucking idiot ?!!?,42143a4d7b7282e7ff9c3177fa8e134eb1c66156,True,False,,,,,0,1641013039,,0,{},hqrueus,False,t3_rt4813,False,True,t3_rt4813,/r/wallstreetbets/comments/rt4813/loss_porn_finally_feel_like_i_belong_here/hqrueus/,1641013053,1,False,True,False,wallstreetbets,t5_2th52,r/wallstreetbets,public,,0,[],,,
[],False,,[deleted],,,,,,dark,,,,,[removed],fe993932d6dced4c0a879e9aa5d7a6e0fbb467f5,True,True,,,DELETED,,0,1641013028,,0,{},hqrue95,False,t3_rt4813,False,True,t1_hqr867a,/r/wallstreetbets/comments/rt4813/loss_porn_finally_feel_like_i_belong_here/hqrue95/,1641013039,1,False,True,False,wallstreetbets,t5_2th52,r/wallstreetbets,public,,0,[],,,
[],False,,[deleted],,,,,,dark,,,,,[removed],fe993932d6dced4c0a879e9aa5d7a6e0fbb467f5,True,True,,,DELETED,,0,1641013018,,0,{},hqrudni,False,t3_rsyzmh,False,True,t3_rsyzmh,/r/wallstreetbets/comments/rsyzmh/insights_into_the_recent_pelosi_calls/hqrudni/,1641013032,1,False,True,False,wallstreetbets,t5_2th52,r/wallstreetbets,public,,0,[],,,
[],False,,lulu_butts,,,"[{'e': 'text', 't': 'aspergian'}]",,aspergian,dark,richtext,t2_9rzlvg7z,False,True,The Day After Tomorrow,d81a01aef4770634d502059c8a70396208745bb0,True,False,,,,,0,1641013010,,0,{},hqrud8y,False,t3_rt35kz,False,True,t1_hqrtlpq,/r/wallstreetbets/comments/rt35kz/year_end_discussion_thread_for_the_year_of_2021/hqrud8y/,1641013025,1,False,True,False,wallstreetbets,t5_2th52,r/wallstreetbets,public,,0,[],,,
[],False,,[deleted],,,,,,dark,,,,,[removed],fe993932d6dced4c0a879e9aa5d7a6e0fbb467f5,True,True,,,DELETED,,0,1641013001,,0,{},hqrucqh,False,t3_rtbi76,False,True,t1_hqrtip0,/r/wallstreetbets/comments/rtbi76/why_are_people_proud_of_their_loss_porn_you_do/hqrucqh/,1641013019,1,False,True,False,wallstreetbets,t5_2th52,r/wallstreetbets,public,,0,[],,,
[],False,,Bird767,,,[],,,,text,t2_52kmr74b,False,False,Because most people in this sub are right wing and hate Pelosi,c765c94b163a89b73449f228c65db2c4b626a4ef,True,False,,,,,0,1641012997,,0,{},hqruchl,False,t3_rt02le,False,True,t1_hqposy8,/r/wallstreetbets/comments/rt02le/the_trick_is_to_undercook_the_onions/hqruchl/,1641013012,1,False,True,False,wallstreetbets,t5_2th52,r/wallstreetbets,public,,0,[],,,
[],False,,[deleted],,,,,,dark,,,,,[removed],fe993932d6dced4c0a879e9aa5d7a6e0fbb467f5,True,True,,,DELETED,,0,1641012993,,0,{},hqruc8b,False,t3_rt16lu,False,True,t3_rt16lu,/r/wallstreetbets/comments/rt16lu/cash_in_on_pelosi_and_the_chips_and_fabs_acts/hqruc8b/,1641013006,1,False,True,False,wallstreetbets,t5_2th52,r/wallstreetbets,public,,0,[],,,
[],False,,Son_of_Sephiroth,,,[],,,,text,t2_1fahi81a,False,False,"That chick on CNN reporting from Florida tonight is getting:

Blackout

Covid

Herpes from that Bartender

Circle all that apply.",d79315f2b53f7dfcb176b4be27e4d1822444f617,True,False,,,,,0,1641012992,,0,{},hqruc6i,False,t3_rt35kz,False,True,t3_rt35kz,/r/wallstreetbets/comments/rt35kz/year_end_discussion_thread_for_the_year_of_2021/hqruc6i/,1641013006,1,False,True,False,wallstreetbets,t5_2th52,r/wallstreetbets,public,,0,[],,,
[],False,,Repulsive-Chemical25,,,[],,,,text,t2_a0idl0i5,False,True,"I was too, you‚Äôre only a couple positive YOLOs away from posting this loss yourself",9b4a4ebb5b5d642e64eff173f376bea04f758b28,True,False,,,,,0,1641012988,,0,{},hqrubz5,True,t3_rt4813,False,True,t1_hqrtdy2,/r/wallstreetbets/comments/rt4813/loss_porn_finally_feel_like_i_belong_here/hqrubz5/,1641012999,1,False,True,False,wallstreetbets,t5_2th52,r/wallstreetbets,public,,0,[],,,
[],False,,sunfacethedestroyer,,,[],,,,text,t2_317xuhx,False,False,"For real. Wtf, someone is buying calls on Google? Must be some kind of nefarious insider trade, I've never heard of this ""Google"" before.",0da527076f0c5858e54d8f926e85e4d0b11c20e7,True,False,,,,,0,1641012969,,0,{},hqruaut,False,t3_rspxmv,False,True,t1_hqorxyu,/r/wallstreetbets/comments/rspxmv/nancy_pelosi_latest_trades/hqruaut/,1641012985,1,False,True,False,wallstreetbets,t5_2th52,r/wallstreetbets,public,,0,[],,,
[],False,,Bird767,,,[],,,,text,t2_52kmr74b,False,False,This sub has Pelosi derangement syndrome,c7a00ac66f3857012d3c31dfbfde7ae735780e5e,True,False,,,,,0,1641012968,,0,{},hqruas2,False,t3_rt02le,False,True,t3_rt02le,/r/wallstreetbets/comments/rt02le/the_trick_is_to_undercook_the_onions/hqruas2/,1641012985,1,False,True,False,wallstreetbets,t5_2th52,r/wallstreetbets,public,,0,[],,,
[],False,,[deleted],,,,,,dark,,,,,[deleted],228f7d207920fb84335fac5b2b06ed7b472ece9e,True,True,,,DELETED,,0,1641012966,,0,{},hqruanm,False,t3_rt35kz,False,True,t3_rt35kz,/r/wallstreetbets/comments/rt35kz/year_end_discussion_thread_for_the_year_of_2021/hqruanm/,1641012978,1,False,True,False,wallstreetbets,t5_2th52,r/wallstreetbets,public,,0,[],,,
[],False,,aunitpls,,,[],,,,text,t2_uk885,False,False,u/cashflow_ I wish u negative karma this year,50ed7b76b483d50a0cd9aa24e7e5b2ed288b26ce,True,False,,,,,0,1641012965,,0,{},hqruako,False,t3_rt35kz,False,True,t3_rt35kz,/r/wallstreetbets/comments/rt35kz/year_end_discussion_thread_for_the_year_of_2021/hqruako/,1641012978,1,False,True,False,wallstreetbets,t5_2th52,r/wallstreetbets,public,,0,[],,,
[],False,,FullCopy,,,"[{'e': 'text', 't': 'ü¶çü¶ç'}]",,ü¶çü¶ç,dark,richtext,t2_5zsnrieg,False,False,Can‚Äôt wait for Bloomberg to present like that on Monday.,fda5a5282841d94c6d8d71cbcd59ad7d997ffcfc,True,False,,,,,0,1641012964,,0,{},hqruaiy,False,t3_rt35kz,False,True,t1_hqrtia3,/r/wallstreetbets/comments/rt35kz/year_end_discussion_thread_for_the_year_of_2021/hqruaiy/,1641012978,1,False,True,False,wallstreetbets,t5_2th52,r/wallstreetbets,public,,0,[],,,
[],False,,Familiar_Stranger936,,,[],,,,text,t2_a18pd2u6,False,True,I imagine there will be ads all over the place,8289d2cf6026592ef52ffce4ace0d5710675cd3f,True,False,,,,,0,1641012961,,0,{},hqruac9,False,t3_rt485p,False,True,t3_rt485p,/r/wallstreetbets/comments/rt485p/thoughts_on_the_reddit_ipostock/hqruac9/,1641012978,1,False,True,False,wallstreetbets,t5_2th52,r/wallstreetbets,public,,0,[],,,
[],False,,Usual_Bed3563,,,[],,,,text,t2_cl6pgxbk,False,False,"Don‚Äôt worry OP, 2022 is bringing tendies.",8d31999bb8b7af30bddd3e26206f9a6ea101534a,True,False,,,,,0,1641012959,,0,{},hqrua8l,False,t3_rtbee7,False,True,t3_rtbee7,/r/wallstreetbets/comments/rtbee7/my_new_years_resolution_is_to_actually_make_money/hqrua8l/,1641012971,1,False,True,False,wallstreetbets,t5_2th52,r/wallstreetbets,public,,0,[],,,
[],False,,Puzzleheaded_Stop376,,,[],,,,text,t2_8ynodl3j,False,False,"Agreed, just talking about the proud retards showing off their loss porn.",6e71da8aab4f5e824bfb888951118db956645050,True,False,,,,,0,1641012958,,0,{},hqrua6d,True,t3_rtbi76,False,True,t1_hqrtwv3,/r/wallstreetbets/comments/rtbi76/why_are_people_proud_of_their_loss_porn_you_do/hqrua6d/,1641012971,1,False,True,False,wallstreetbets,t5_2th52,r/wallstreetbets,public,,0,[],,,
[],False,,NMD143,,,[],,,,text,t2_a4hfubgo,False,False,Absofuckinglutly,c3e036994e2d4789ecfc16e0280d7bd2b9e40990,True,False,,,,,0,1641012954,,0,{},hqru9xm,False,t3_rtbi76,False,True,t1_hqrtrld,/r/wallstreetbets/comments/rtbi76/why_are_people_proud_of_their_loss_porn_you_do/hqru9xm/,1641012964,1,False,True,False,wallstreetbets,t5_2th52,r/wallstreetbets,public,,0,[],,,
[],False,,kemar7856,,,"[{'e': 'text', 't': 'Unironically thinks bears are smart'}]",,Unironically thinks bears are smart,dark,richtext,t2_bkrd2,False,False,the rapture will begin in 5 mins,3c9705fe5736e091c9fdbfceb7352d223f8b9c6c,True,False,,,,,0,1641012953,,0,{},hqru9vl,False,t3_rt35kz,False,True,t3_rt35kz,/r/wallstreetbets/comments/rt35kz/year_end_discussion_thread_for_the_year_of_2021/hqru9vl/,1641012964,1,False,True,False,wallstreetbets,t5_2th52,r/wallstreetbets,public,,0,[],,,
[],False,,ffranbo,,,[],,,,text,t2_7lyes2i8,False,False,Dam just rode that tesla play to the grave didn‚Äôt even try to save a 1$ for a frosty at Wendy‚Äôs,8195375e0a1915506a85eb9aaf775df2ef07733a,True,False,,,,,0,1641012951,,0,{},hqru9qu,False,t3_rs0mqx,False,True,t1_hqjj5pa,/r/wallstreetbets/comments/rs0mqx/2021_yearly_pnl_thread/hqru9qu/,1641012964,1,False,True,False,wallstreetbets,t5_2th52,r/wallstreetbets,public,,0,[],,,
[],False,,[deleted],,,,,,dark,,,,,[removed],fe993932d6dced4c0a879e9aa5d7a6e0fbb467f5,True,True,,,DELETED,,0,1641012951,,0,{},hqru9q2,False,t3_rtb5e1,False,True,t3_rtb5e1,/r/wallstreetbets/comments/rtb5e1/2021_was_a_great_year_for_china_and_i/hqru9q2/,1641012964,1,False,True,False,wallstreetbets,t5_2th52,r/wallstreetbets,public,,0,[],,,
[],False,,Mpenderg,,,"[{'e': 'text', 't': 'ü¶çü¶çü¶ç'}]",,ü¶çü¶çü¶ç,dark,richtext,t2_bx7k538m,False,False,Pussy,b3fa5da5b4c071743462765b351a9ff6960459c3,True,False,,,,,0,1641012943,,0,{},hqru99y,False,t3_rtay04,False,True,t3_rtay04,/r/wallstreetbets/comments/rtay04/my_new_years_resolution_next_year_is_to_stop/hqru99y/,1641012957,1,False,True,False,wallstreetbets,t5_2th52,r/wallstreetbets,public,,0,[],,,
[],False,,Leg__Day,,,[],,,,text,t2_jn23h,False,False,Fuck Melvin,3c4c1af170d975d5bac36f0aab3eeddd2010b7ab,True,False,,,,,0,1641012936,,0,{},hqru8vm,False,t3_rt4th9,False,True,t3_rt4th9,/r/wallstreetbets/comments/rt4th9/only_3_hedge_funds_outperformed_the_sp_500_in_2021/hqru8vm/,1641012951,1,False,True,False,wallstreetbets,t5_2th52,r/wallstreetbets,public,,0,[],,,
[],False,,tarix76,,,[],,,,text,t2_oiegy,False,False,Someone hasn't seen season 5 yet ...,6102a282d8a943fef50951d86986edd466d76b85,True,False,,,,,0,1641012928,,0,{},hqru8ee,False,t3_rt4th9,False,True,t1_hqrff62,/r/wallstreetbets/comments/rt4th9/only_3_hedge_funds_outperformed_the_sp_500_in_2021/hqru8ee/,1641012944,1,False,True,False,wallstreetbets,t5_2th52,r/wallstreetbets,public,,0,[],,,
[],False,,BootyOptions,,,[],,,,text,t2_6nu6d7i3,False,False,"Dick Clark should continue to be brought out, Weekend at Bernie's style.",8eba29bbe811aafc3be550723d0d6203b1d4c05b,True,False,,,,,0,1641012926,,0,{},hqru89x,False,t3_rt35kz,False,True,t3_rt35kz,/r/wallstreetbets/comments/rt35kz/year_end_discussion_thread_for_the_year_of_2021/hqru89x/,1641012944,1,False,True,False,wallstreetbets,t5_2th52,r/wallstreetbets,public,,0,[],,,
[],False,,Repulsive-Chemical25,,,[],,,,text,t2_a0idl0i5,False,True,I‚Äôve put less than 10k in and if you do the math I‚Äôve taken more than 10 out before this happened,0a1c49b5d39cc9cb8d1ece6946df19c9080baffe,True,False,,,,,0,1641012924,,0,{},hqru87r,True,t3_rt4813,False,True,t1_hqrtiv5,/r/wallstreetbets/comments/rt4813/loss_porn_finally_feel_like_i_belong_here/hqru87r/,1641012936,1,False,True,False,wallstreetbets,t5_2th52,r/wallstreetbets,public,,0,[],,,
[],False,,Gadshill,,,[],,,,text,t2_ue9lb,False,False,"Thinking that is probably fireworks, but I‚Äôm not sure.",62fd5104a031aba508f4fa0f9a436e3365ead43f,True,False,,,,,0,1641012913,,0,{},hqru7it,False,t3_rt35kz,False,True,t1_hqru2ng,/r/wallstreetbets/comments/rt35kz/year_end_discussion_thread_for_the_year_of_2021/hqru7it/,1641012929,1,False,True,False,wallstreetbets,t5_2th52,r/wallstreetbets,public,,0,[],,,
[],False,,pardyball,,,[],,,,text,t2_4h548gu8,False,False,Arnel has been their lead singer for over a decade or so now. They found him on YouTube covering Journey if I recall when they were without a singer.,8316f5c732011821c76047acc17f4ba97f1a7e44,True,False,,,,,0,1641012908,,0,{},hqru78h,False,t3_rt35kz,False,True,t1_hqrt2y8,/r/wallstreetbets/comments/rt35kz/year_end_discussion_thread_for_the_year_of_2021/hqru78h/,1641012922,1,False,True,False,wallstreetbets,t5_2th52,r/wallstreetbets,public,,0,[],,,
[],False,,devegas,,,[],,,,text,t2_35nxvft8,False,False,"Pretty easy on Robinhood. 

Go to PYPL 

Click trade PYPL options

Click the sell button - Change the date to February 18th - click the $210 option (this right above you cost basis). 

Should be about $365 give or take come Monday. 

The further you go out , the more money it'll be worth. The closer to the current date, the less money. 

Paypal closes above $210 on Feb 18th, you sell your shares for $210, closes below and you keep the entire $365",8c5778ee2569a081cc50f1f0d553c661132ddf73,True,False,,,,,0,1641012905,,0,{},hqru70z,False,t3_rt1a8x,False,True,t1_hqpw7nq,/r/wallstreetbets/comments/rt1a8x/500_by_eoy_lol_should_i_average_down/hqru70z/,1641012922,1,False,True,False,wallstreetbets,t5_2th52,r/wallstreetbets,public,,0,[],,,
[],False,,Puzzleheaded_Stop376,,,[],,,,text,t2_8ynodl3j,False,False,It‚Äôs called using stop losses in order to have proper risk management. I have a family losing all my money isn‚Äôt cool or funny. Even if my wife has her own bf we are still family.,0854f4eab218a818bead2a8f0ecc21e9c29bdb33,True,False,,,,,0,1641012905,,0,{},hqru70x,True,t3_rtbi76,False,True,t1_hqrtwqd,/r/wallstreetbets/comments/rtbi76/why_are_people_proud_of_their_loss_porn_you_do/hqru70x/,1641012922,1,False,True,False,wallstreetbets,t5_2th52,r/wallstreetbets,public,,0,[],,,
[],False,,VisualMod,#ffdf00,,"[{'e': 'text', 't': 'Turing Test Proctor'}]",5b951270-9b43-11e8-8a57-0e532bbfe7e8,Turing Test Proctor,dark,richtext,t2_6hf2z55l,False,True,"#Ban Bet Lost

/u/BigYoloMan (0/1) made a bet that PYPL would go to 195.0 when it was 189.09 and it did not, so they were banned for a week.",47ad70304155580315f663153a242b61f7f5bc36,True,False,,,,,0,1641012888,moderator,0,{},hqru614,False,t3_rt35kz,False,True,t3_rt35kz,/r/wallstreetbets/comments/rt35kz/year_end_discussion_thread_for_the_year_of_2021/hqru614/,1641012901,1,True,True,True,wallstreetbets,t5_2th52,r/wallstreetbets,public,,0,[],,,
[],False,,masstransience,,,"[{'e': 'text', 't': 'ü¶çü¶çü¶ç'}]",,ü¶çü¶çü¶ç,dark,richtext,t2_wejgm,False,False,No one told me you could stop burning it!,38f189845eff582127c5d4ea93e57aacdf7fcab3,True,False,,,,,0,1641012885,,0,{},hqru5uo,False,t3_rtay04,False,True,t3_rtay04,/r/wallstreetbets/comments/rtay04/my_new_years_resolution_next_year_is_to_stop/hqru5uo/,1641012902,1,False,True,False,wallstreetbets,t5_2th52,r/wallstreetbets,public,,0,[],,,
[],False,,Lambaline,,,"[{'e': 'text', 't': 'ü¶çü¶çü¶ç'}]",,ü¶çü¶çü¶ç,dark,richtext,t2_ewgyi,False,False,Same,b76aee974c5bb8b37f0f7cb657a1de3a091c77c3,True,False,,,,,0,1641012885,,0,{},hqru5ty,False,t3_rt582o,False,True,t1_hqqvq6x,/r/wallstreetbets/comments/rt582o/meanwhile_the_sp_did_a_25_return/hqru5ty/,1641012902,1,False,True,False,wallstreetbets,t5_2th52,r/wallstreetbets,public,,0,[],,,
[],False,,bonejohnson8,#373c3f,,"[{'e': 'text', 't': 'ü¶¥'}]",28fbe25a-7c59-11ea-965e-0e0a65cd3f97,ü¶¥,light,richtext,t2_fedlc,False,True,She want a birkin bag I bought that bitch a yankee candle,c4fba940119540d9bd40209d7f1b2f1d0b6683ff,True,False,,,,,0,1641012876,,0,{},hqru5a6,False,t3_rt35kz,False,True,t3_rt35kz,/r/wallstreetbets/comments/rt35kz/year_end_discussion_thread_for_the_year_of_2021/hqru5a6/,1641012887,1,False,True,False,wallstreetbets,t5_2th52,r/wallstreetbets,public,,0,[],,,
[],False,,tvnacho,#ffffff,,"[{'e': 'text', 't': 'collections most wanted man'}]",acf21f8a-b20b-11e8-8717-0ee9cf2d415a,collections most wanted man,dark,richtext,t2_68zwlzx2,False,True,My Little Pony: The Movie,e32ec6ed87fc83798c2420636abb5c03c6f85c93,True,False,,,,,0,1641012875,,0,{},hqru59q,False,t3_rt35kz,False,True,t1_hqrtlpq,/r/wallstreetbets/comments/rt35kz/year_end_discussion_thread_for_the_year_of_2021/hqru59q/,1641012887,1,False,True,False,wallstreetbets,t5_2th52,r/wallstreetbets,public,,0,[],,,
[],False,,hi-imBen,,,[],,,,text,t2_29tab43h,False,False,You didn't get a 45000% return...  you took this screenshot when it peaked in June.  Those call options have you down 50% if you held.   You held or rolled over into shares and wanna rehype it?  Why the 45000% return and misleading screenshot?,99db6c0f8d3557605d56e8754b184b6876cd2616,True,False,,,,,0,1641012868,,0,{},hqru4uz,False,t3_rtaogf,False,True,t3_rtaogf,/r/wallstreetbets/comments/rtaogf/45000_return_picked_up_11_amc_22_jan2022_call/hqru4uz/,1641012880,1,False,True,False,wallstreetbets,t5_2th52,r/wallstreetbets,public,,0,[],,,
[],False,,FullCopy,,,"[{'e': 'text', 't': 'ü¶çü¶ç'}]",,ü¶çü¶ç,dark,richtext,t2_5zsnrieg,False,False,It‚Äôs a deep movie. Do some research.,3684771f34bad396daf649d981715159590a5525,True,False,,,,,0,1641012867,,0,{},hqru4sz,False,t3_rt35kz,False,True,t1_hqru0uj,/r/wallstreetbets/comments/rt35kz/year_end_discussion_thread_for_the_year_of_2021/hqru4sz/,1641012880,1,False,True,False,wallstreetbets,t5_2th52,r/wallstreetbets,public,,0,[],,,
[],False,,JingleBalls19,,,[],,,,text,t2_csiahupd,False,False,Too late.,e7125033bba871577975e12c82be3fb6d4f982cb,True,False,,,,,0,1641012866,,0,{},hqru4q6,False,t3_rt35kz,False,True,t1_hqrtwng,/r/wallstreetbets/comments/rt35kz/year_end_discussion_thread_for_the_year_of_2021/hqru4q6/,1641012881,1,False,True,False,wallstreetbets,t5_2th52,r/wallstreetbets,public,,0,[],,,
[],False,,Main_Development_665,,,[],,,,text,t2_awpzzieo,False,False,"You can do the math. The point is, two weeks before these announcements became public, her family was taking action.",cfa12b863a654da0033e25368121b7ddeb83e837,True,False,,,,,0,1641012850,,0,{},hqru3ru,False,t3_rt02le,False,True,t1_hqrsy3n,/r/wallstreetbets/comments/rt02le/the_trick_is_to_undercook_the_onions/hqru3ru/,1641012860,1,False,True,False,wallstreetbets,t5_2th52,r/wallstreetbets,public,,0,[],,,
[],False,,Obsidianram,,,[],,,,text,t2_qgqpz64,False,True,"The fees, though...what about those nose-bleed fees?",e827d5653b75fcf01b4a535191444088690db1b8,True,False,,,,,0,1641012849,,0,{},hqru3pd,False,t3_rt4th9,False,True,t3_rt4th9,/r/wallstreetbets/comments/rt4th9/only_3_hedge_funds_outperformed_the_sp_500_in_2021/hqru3pd/,1641012860,1,False,True,False,wallstreetbets,t5_2th52,r/wallstreetbets,public,,0,[],,,
[],False,,ykorea,#ff66ac,,"[{'e': 'text', 't': 'WSB favorite üéÄüç∞'}]",edf3b064-9b42-11e8-bf7b-0ea30978086a,WSB favorite üéÄüç∞,light,richtext,t2_e1tfribb,False,True,Happy happy almost new year!! üéâ,6480c254968d6b0e37c9164f31b8a721bf2fc9d4,True,False,,,,,0,1641012848,,0,{},hqru3p5,False,t3_rt35kz,False,False,t1_hqrstkb,/r/wallstreetbets/comments/rt35kz/year_end_discussion_thread_for_the_year_of_2021/hqru3p5/,1641012860,1,False,True,False,wallstreetbets,t5_2th52,r/wallstreetbets,public,,0,[],,,
[],False,,chris-rox,,,[],,,,text,t2_cu4va,False,False,"&gt;Sports gambling is for clowns!!!!!

...says the guy posting on WSB, lol.",8aad0b4fc9940a815a17521edad72c57b736c78c,True,False,,,,,0,1641012844,,0,{},hqru3h0,False,t3_rt582o,False,True,t1_hqrohhj,/r/wallstreetbets/comments/rt582o/meanwhile_the_sp_did_a_25_return/hqru3h0/,1641012860,1,False,True,False,wallstreetbets,t5_2th52,r/wallstreetbets,public,,0,[],,,
[],False,,RxxFxxxx,,,[],,,,text,t2_9wq5rtr8,False,False,He left Journey in 1988. They broke up for a while. Came back with the new guy.,5bd84b3c38ed5c05db8cbaaa6dc1b43ccf750c8d,True,False,,,,,0,1641012841,,0,{},hqru39a,False,t3_rt35kz,False,True,t1_hqrt2y8,/r/wallstreetbets/comments/rt35kz/year_end_discussion_thread_for_the_year_of_2021/hqru39a/,1641012853,1,False,True,False,wallstreetbets,t5_2th52,r/wallstreetbets,public,,0,[],,,
[],False,,SofaKingReeeeeeeTodd,,,[],,,,text,t2_9lakk483,False,False,Just tell her you‚Äôre going to get her her surprise and then leave out the back,b5477ebfb9ff774b51f27b07b8d48352e7a0ade7,True,False,,,,,0,1641012838,,0,{},hqru339,False,t3_rt35kz,False,True,t1_hqrtxls,/r/wallstreetbets/comments/rt35kz/year_end_discussion_thread_for_the_year_of_2021/hqru339/,1641012853,1,False,True,False,wallstreetbets,t5_2th52,r/wallstreetbets,public,,0,[],,,True
[],False,,Gadshill,,,[],,,,text,t2_ue9lb,False,False,Saw Sandcastle (2017 War/Drama) for the first time today on Netflix.   Thought it was fairly good.,9b48a38a3b2a0a93efb488b9a11aef5f45286827,True,False,,,,,0,1641012838,,0,{},hqru335,False,t3_rt35kz,False,True,t1_hqrtlpq,/r/wallstreetbets/comments/rt35kz/year_end_discussion_thread_for_the_year_of_2021/hqru335/,1641012853,1,False,True,False,wallstreetbets,t5_2th52,r/wallstreetbets,public,,0,[],,,
[],False,,totallynotmusk,,,"[{'e': 'text', 't': 'Lives in $40k Shed'}]",,Lives in $40k Shed,dark,richtext,t2_277m1jyw,False,False,Fuck Anderson Cooper,5e7023aa993d50f9af449b4eab1fd27731f4e8dc,True,False,,,,,0,1641012838,,0,{},hqru32l,False,t3_rt35kz,False,True,t3_rt35kz,/r/wallstreetbets/comments/rt35kz/year_end_discussion_thread_for_the_year_of_2021/hqru32l/,1641012853,1,False,True,False,wallstreetbets,t5_2th52,r/wallstreetbets,public,,0,[],,,
[],False,,brbcripwalking,,,"[{'e': 'text', 't': 'ANAL GoD'}]",,ANAL GoD,dark,richtext,t2_kj44z,False,False,"If you hearing gunshots in your neighborhood for New Years Eve, maybe it‚Äôs time to switch to calls this year.",84a13917b570a5cecb99c17992a269aa3587dcb1,True,False,,,,,0,1641012831,,0,{},hqru2ng,False,t3_rt35kz,False,True,t3_rt35kz,/r/wallstreetbets/comments/rt35kz/year_end_discussion_thread_for_the_year_of_2021/hqru2ng/,1641012846,1,False,True,False,wallstreetbets,t5_2th52,r/wallstreetbets,public,,0,[],,,
[],False,,coberh,,,[],,,,text,t2_8en35,False,False,"Because ... cardiovascular disease is contagious, right? 

Well, you clearly have it all figured out. You see right through my devious use of facts and know nonetheless that the real answer is ... what is the exact stupidity you are pushing here? hydroxychloroquine?  Horse dewormer? 

Maybe I'll see you mentioned in /r/HermanCainAwards.",66469f9cb9b1079a861d25bc788ad3d1d4456c76,True,False,,,,,0,1641012829,,0,{},hqru2ka,False,t3_rln1wq,False,True,t1_hqrsvw9,/r/wallstreetbets/comments/rln1wq/china_omicron_bear_thesis/hqru2ka/,1641012846,1,False,True,False,wallstreetbets,t5_2th52,r/wallstreetbets,public,,0,[],,,
[],False,,sixoffsix,,,[],,,,text,t2_g8qt0xix,False,False,Blind date?,c7427fe8f5c211919c744cf0711b9c07630fa33b,True,False,,,,,0,1641012829,,0,{},hqru2jl,False,t3_rt35kz,False,True,t1_hqrtxls,/r/wallstreetbets/comments/rt35kz/year_end_discussion_thread_for_the_year_of_2021/hqru2jl/,1641012839,1,False,True,False,wallstreetbets,t5_2th52,r/wallstreetbets,public,,0,[],,,
[],False,,twillyz51,,,"[{'e': 'text', 't': 'ü¶çü¶çü¶ç'}]",,ü¶çü¶çü¶ç,dark,richtext,t2_a2duxsl7,False,False,There won‚Äôt be a war. It is just a take over that will last a week. USA under Brandon‚Äôs leadership will say stay out. Russia will invade and peaceful takeover and then its done.,29eaeea0fe3af472f9b6ef4b1b97920b29da30bc,True,False,,,,,0,1641012823,,0,{},hqru26j,False,t3_rssid0,False,True,t3_rssid0,/r/wallstreetbets/comments/rssid0/how_to_profit_from_the_upcoming_war_between/hqru26j/,1641012839,1,False,True,False,wallstreetbets,t5_2th52,r/wallstreetbets,public,,0,[],,,
[],False,,AGotLuckyInvestor,,,[],,,,text,t2_be5bkwig,False,True,I keep having yo piss wth,585b3d86eb166263797bb071c36218d119c3bfcc,True,False,,,,,0,1641012817,,0,{},hqru1te,False,t3_rt35kz,False,True,t3_rt35kz,/r/wallstreetbets/comments/rt35kz/year_end_discussion_thread_for_the_year_of_2021/hqru1te/,1641012833,1,False,True,False,wallstreetbets,t5_2th52,r/wallstreetbets,public,,0,[],,,
[],False,,wooshock,#ffdf00,,"[{'e': 'text', 't': '3690 - 2 - 1 year - 0/0'}]",5b951270-9b43-11e8-8a57-0e532bbfe7e8,3690 - 2 - 1 year - 0/0,dark,richtext,t2_920mo,False,False,Fuck Pete Davidson,848d5f03ea8985878da84a4c686f79b99b6ebc6c,True,False,,,,,0,1641012815,,0,{},hqru1q2,False,t3_rt35kz,False,False,t3_rt35kz,/r/wallstreetbets/comments/rt35kz/year_end_discussion_thread_for_the_year_of_2021/hqru1q2/,1641012833,2,False,True,False,wallstreetbets,t5_2th52,r/wallstreetbets,public,,0,[],,,
[],False,,Confident-General-80,,,[],,,,text,t2_b1qwl4g5,False,False,"That adorable 80 years old plastic face!!! 
Vomiting material‚Ä¶.

She‚Äôs been stealing from the public for the last 50-60 years.  Check Obama‚Äôs bank accounts while at it.",a095c8620bfbb63449600ecc6d74218bbc77b8de,True,False,,,,,0,1641012811,,0,{},hqru1g0,False,t3_rt02le,False,True,t3_rt02le,/r/wallstreetbets/comments/rt02le/the_trick_is_to_undercook_the_onions/hqru1g0/,1641012826,1,False,True,False,wallstreetbets,t5_2th52,r/wallstreetbets,public,,0,[],,,
[],False,,Puzzleheaded_Stop376,,,[],,,,text,t2_8ynodl3j,False,False,*you‚Äôre,593738dcfc7ad34a22b2a31f8dfe793a54f98079,True,False,,,,,0,1641012808,,0,{},hqru1ab,True,t3_rtbi76,False,True,t1_hqrtvzk,/r/wallstreetbets/comments/rtbi76/why_are_people_proud_of_their_loss_porn_you_do/hqru1ab/,1641012819,1,False,True,False,wallstreetbets,t5_2th52,r/wallstreetbets,public,,0,[],,,
[],False,,zestykite,,,[],,,,text,t2_4g16kgjh,False,False,oh.. wow,fdbb8f201ee762e0d5e9783d01d1581382207a33,True,False,,,,,0,1641012800,,0,{},hqru0uj,False,t3_rt35kz,False,True,t1_hqrtpv6,/r/wallstreetbets/comments/rt35kz/year_end_discussion_thread_for_the_year_of_2021/hqru0uj/,1641012812,1,False,True,False,wallstreetbets,t5_2th52,r/wallstreetbets,public,,0,[],,,
[],False,,Retartedinvesments,,,[],,,,text,t2_9thihvw1,False,False,I set it to guhhh,48c401faac348f4c9fcf15f966062a51da530ad9,True,False,,,,,0,1641012790,,0,{},hqru08t,True,t3_rtay04,False,False,t1_hqrooja,/r/wallstreetbets/comments/rtay04/my_new_years_resolution_next_year_is_to_stop/hqru08t/,1641012805,1,False,True,False,wallstreetbets,t5_2th52,r/wallstreetbets,public,,0,[],,,
[],False,,GlideOutside,,,"[{'e': 'text', 't': ""Elon's Anus""}]",,Elon's Anus,dark,richtext,t2_xx3ja,False,True,üòò,2e776ae144ddb916b6be88d60472e9ffd124f830,True,False,,,,,0,1641012786,,0,{},hqru00b,True,t3_rt3za1,False,True,t1_hqrrhjk,/r/wallstreetbets/comments/rt3za1/my_2022_resolution_no_more_gambling_also_me_how/hqru00b/,1641012798,1,False,True,False,wallstreetbets,t5_2th52,r/wallstreetbets,public,,0,[],,,
[],False,,CaptainNoobBoi,,,[],,,,text,t2_14tdkf,False,False,F,e69f20e9f683920d3fb4329abd951e878b1f9372,True,False,,,,,0,1641012784,,0,{},hqrtzuw,False,t3_rtb5e1,False,True,t1_hqrqx6r,/r/wallstreetbets/comments/rtb5e1/2021_was_a_great_year_for_china_and_i/hqrtzuw/,1641012798,1,False,True,False,wallstreetbets,t5_2th52,r/wallstreetbets,public,,0,[],,,
[],False,,RemarkableScarcity8,,,[],,,,text,t2_5scq5cn8,False,False,CRSR wayyyyyyyyyyyyyyy better,ba4a06a3adef4519589da8c0c65d95745c240205,True,False,,,,,0,1641012776,,0,{},hqrtzet,False,t3_rt7ase,False,True,t3_rt7ase,/r/wallstreetbets/comments/rt7ase/wish_long_position_reversal_2022/hqrtzet/,1641012792,1,False,True,False,wallstreetbets,t5_2th52,r/wallstreetbets,public,,0,[],,,
[],False,,methpartysupplies,,,[],,,,text,t2_13bz28,False,False,Congrats man.  Have fun if y‚Äôall are doing a wedding.  Try to mentally pause and remember a few little moments.  The whole thing is a warp speed blur.,9e372ce8fd1da4705dc74befdc5209722e538191,True,False,,,,,0,1641012773,,0,{},hqrtz99,False,t3_rt35kz,False,True,t1_hqrsoyr,/r/wallstreetbets/comments/rt35kz/year_end_discussion_thread_for_the_year_of_2021/hqrtz99/,1641012785,1,False,True,False,wallstreetbets,t5_2th52,r/wallstreetbets,public,,0,[],,,
[],False,,Puzzleheaded_Stop376,,,[],,,,text,t2_8ynodl3j,False,False,It‚Äôs a meme you get the point!,82a5ccba38a7d350610bb1053746a6dc011547c1,True,False,,,,,0,1641012772,,0,{},hqrtz5j,True,t3_rtbi76,False,True,t1_hqrtpk6,/r/wallstreetbets/comments/rtbi76/why_are_people_proud_of_their_loss_porn_you_do/hqrtz5j/,1641012785,1,False,True,False,wallstreetbets,t5_2th52,r/wallstreetbets,public,,0,[],,,
[],False,,VisualMod,#ffdf00,,"[{'e': 'text', 't': 'Turing Test Proctor'}]",5b951270-9b43-11e8-8a57-0e532bbfe7e8,Turing Test Proctor,dark,richtext,t2_6hf2z55l,False,True,"
**User Report**| | | |
:--|:--|:--|:--
**Total Submissions**|1|**First Seen In WSB**|1 month ago
**Total Comments**|3|**Previous DD**|
**Account Age**|4 years|[^scan ^comment ](https://www.reddit.com/message/compose/?to=VisualMod&amp;subject=scan_comment&amp;message=Replace%20this%20text%20with%20a%20comment%20ID%20(which%20looks%20like%20*h26cq3k*)%20to%20have%20the%20bot%20scan%20your%20comment%20and%20correct%20your%20first%20seen%20date.)|[^scan ^submission ](https://www.reddit.com/message/compose/?to=VisualMod&amp;subject=scan_submission&amp;message=Replace%20this%20text%20with%20a%20submission%20ID%20(which%20looks%20like%20*h26cq3k*)%20to%20have%20the%20bot%20scan%20your%20submission%20and%20correct%20your%20first%20seen%20date.)
**Vote Spam (NEW)**|[Click to Vote](https://www.reddit.com/message/compose/?to=VisualMod&amp;subject=vote_spam&amp;message=rtbty6)|**Vote Approve (NEW)**|[Click to Vote](https://www.reddit.com/message/compose/?to=VisualMod&amp;subject=vote_approve&amp;message=rtbty6)",dc18c96ab5f8951102c4b34ac618862f043c9b49,True,False,,,,,0,1641012763,moderator,0,{},hqrtym9,False,t3_rtbty6,False,True,t3_rtbty6,/r/wallstreetbets/comments/rtbty6/contrary_to_popular_belief_hedgies_are_just_as/hqrtym9/,1641012778,1,True,True,True,wallstreetbets,t5_2th52,r/wallstreetbets,public,,0,[],,,
